https://rivka.me/wp-content/uploads/2024/03/download-1.png	2024/03/download-1.png
https://rivka.me/wp-content/uploads/2024/03/download-2.png	2024/03/download-2.png
https://rivka.me/wp-content/uploads/2024/03/download-3.png	2024/03/download-3.png
https://rivka.me/wp-content/uploads/2024/03/download-4.png	2024/03/download-4.png
https://rivka.me/wp-content/uploads/2024/03/download-5.png	2024/03/download-5.png
https://rivka.me/wp-content/uploads/2024/03/download.png	2024/03/download.png
https://rivka.me/wp-content/uploads/2024/03/epeeinflation.png	2024/03/epeeinflation.png
https://rivka.me/wp-content/uploads/2024/03/foilinflation.png	2024/03/foilinflation.png
https://rivka.me/wp-content/uploads/2024/03/image-1.png	2024/03/image-1.png
https://rivka.me/wp-content/uploads/2024/03/image-10.png	2024/03/image-10.png
https://rivka.me/wp-content/uploads/2024/03/image-11.png	2024/03/image-11.png
https://rivka.me/wp-content/uploads/2024/03/image-12.png	2024/03/image-12.png
https://rivka.me/wp-content/uploads/2024/03/image-13.png	2024/03/image-13.png
https://rivka.me/wp-content/uploads/2024/03/image-14.png	2024/03/image-14.png
https://rivka.me/wp-content/uploads/2024/03/image-15.png	2024/03/image-15.png
https://rivka.me/wp-content/uploads/2024/03/image-19.png	2024/03/image-19.png
https://rivka.me/wp-content/uploads/2024/03/image-2.png	2024/03/image-2.png
https://rivka.me/wp-content/uploads/2024/03/image-3.png	2024/03/image-3.png
https://rivka.me/wp-content/uploads/2024/03/image-4.png	2024/03/image-4.png
https://rivka.me/wp-content/uploads/2024/03/image-5.png	2024/03/image-5.png
https://rivka.me/wp-content/uploads/2024/03/image-6.png	2024/03/image-6.png
https://rivka.me/wp-content/uploads/2024/03/image-7.png	2024/03/image-7.png
https://rivka.me/wp-content/uploads/2024/03/image-8.png	2024/03/image-8.png
https://rivka.me/wp-content/uploads/2024/03/image-9.png	2024/03/image-9.png
https://rivka.me/wp-content/uploads/2024/03/image.png	2024/03/image.png
https://rivka.me/wp-content/uploads/2024/03/saberinflation.png	2024/03/saberinflation.png
https://rivka.me/wp-content/uploads/2024/04/Asset-1.png	2024/04/Asset-1.png
https://rivka.me/wp-content/uploads/2024/04/regionmapcolor.png	2024/04/regionmapcolor.png
https://rivka.me/wp-content/uploads/2024/05/cropped-android-chrome-512x512-1.png	2024/05/cropped-android-chrome-512x512-1.png
https://rivka.me/wp-content/uploads/2024/05/image-1.png	2024/05/image-1.png
https://rivka.me/wp-content/uploads/2024/05/image-14.png	2024/05/image-14.png
https://rivka.me/wp-content/uploads/2024/05/image-2.png	2024/05/image-2.png
https://rivka.me/wp-content/uploads/2024/05/image-3.png	2024/05/image-3.png
https://rivka.me/wp-content/uploads/2024/05/image-5.png	2024/05/image-5.png
https://rivka.me/wp-content/uploads/2024/05/image.png	2024/05/image.png
https://rivka.me/wp-content/uploads/2024/05/IMG_0445.jpeg	2024/05/IMG_0445.jpeg
https://rivka.me/wp-content/uploads/2024/06/999d9292-31ca-4ae6-8928-9fc994492550.jpeg	2024/06/999d9292-31ca-4ae6-8928-9fc994492550.jpeg
https://rivka.me/wp-content/uploads/2024/06/image-3-e1719036515644.png	2024/06/image-3-e1719036515644.png
https://rivka.me/wp-content/uploads/2024/06/image-e1719031279530-1024x1007.png	2024/06/image-e1719031279530-1024x1007.png
https://rivka.me/wp-content/uploads/2024/06/image-e1719031279530.png	2024/06/image-e1719031279530.png
https://rivka.me/wp-content/uploads/2024/06/time_dist-1-e1719036009640-1024x583.png	2024/06/time_dist-1-e1719036009640-1024x583.png
https://rivka.me/wp-content/uploads/2024/06/time_dist-1-e1719036009640.png	2024/06/time_dist-1-e1719036009640.png
https://rivka.me/wp-content/uploads/2024/07/image-1.png	2024/07/image-1.png
https://rivka.me/wp-content/uploads/2024/07/image-10.png	2024/07/image-10.png
https://rivka.me/wp-content/uploads/2024/07/image-11.png	2024/07/image-11.png
https://rivka.me/wp-content/uploads/2024/07/image-12.png	2024/07/image-12.png
https://rivka.me/wp-content/uploads/2024/07/image-13.png	2024/07/image-13.png
https://rivka.me/wp-content/uploads/2024/07/image-14.png	2024/07/image-14.png
https://rivka.me/wp-content/uploads/2024/07/image-15.png	2024/07/image-15.png
https://rivka.me/wp-content/uploads/2024/07/image-16.png	2024/07/image-16.png
https://rivka.me/wp-content/uploads/2024/07/image-17.png	2024/07/image-17.png
https://rivka.me/wp-content/uploads/2024/07/image-18.png	2024/07/image-18.png
https://rivka.me/wp-content/uploads/2024/07/image-19.png	2024/07/image-19.png
https://rivka.me/wp-content/uploads/2024/07/image-2.png	2024/07/image-2.png
https://rivka.me/wp-content/uploads/2024/07/image-20.png	2024/07/image-20.png
https://rivka.me/wp-content/uploads/2024/07/image-21.png	2024/07/image-21.png
https://rivka.me/wp-content/uploads/2024/07/image-22.png	2024/07/image-22.png
https://rivka.me/wp-content/uploads/2024/07/image-23.png	2024/07/image-23.png
https://rivka.me/wp-content/uploads/2024/07/image-24.png	2024/07/image-24.png
https://rivka.me/wp-content/uploads/2024/07/image-25.png	2024/07/image-25.png
https://rivka.me/wp-content/uploads/2024/07/image-26.png	2024/07/image-26.png
https://rivka.me/wp-content/uploads/2024/07/image-3.png	2024/07/image-3.png
https://rivka.me/wp-content/uploads/2024/07/image-4.png	2024/07/image-4.png
https://rivka.me/wp-content/uploads/2024/07/image-5.png	2024/07/image-5.png
https://rivka.me/wp-content/uploads/2024/07/image-6.png	2024/07/image-6.png
https://rivka.me/wp-content/uploads/2024/07/image-7.png	2024/07/image-7.png
https://rivka.me/wp-content/uploads/2024/07/image-8.png	2024/07/image-8.png
https://rivka.me/wp-content/uploads/2024/07/image-9.png	2024/07/image-9.png
https://rivka.me/wp-content/uploads/2024/07/image.png	2024/07/image.png
https://rivka.me/wp-content/uploads/2024/07/nationalpoints.jpeg	2024/07/nationalpoints.jpeg
https://rivka.me/wp-content/uploads/2024/07/snaking-e1720911039796-1024x469.png	2024/07/snaking-e1720911039796-1024x469.png
https://rivka.me/wp-content/uploads/2024/07/snaking-e1720911039796.png	2024/07/snaking-e1720911039796.png
https://rivka.me/wp-content/uploads/2024/08/all-2.png	2024/08/all-2.png
https://rivka.me/wp-content/uploads/2024/08/epee-2.png	2024/08/epee-2.png
https://rivka.me/wp-content/uploads/2024/08/example.png	2024/08/example.png
https://rivka.me/wp-content/uploads/2024/08/foil-2.png	2024/08/foil-2.png
https://rivka.me/wp-content/uploads/2024/08/image.png	2024/08/image.png
https://rivka.me/wp-content/uploads/2024/08/men-2.png	2024/08/men-2.png
https://rivka.me/wp-content/uploads/2024/08/Rplot01-e1724942357823.png	2024/08/Rplot01-e1724942357823.png
https://rivka.me/wp-content/uploads/2024/08/saber-2.png	2024/08/saber-2.png
https://rivka.me/wp-content/uploads/2024/08/women-2.png	2024/08/women-2.png
https://rivka.me/wp-content/uploads/2024/10/3Artboard-1.png	2024/10/3Artboard-1.png
https://rivka.me/wp-content/uploads/2024/10/present-5.png	2024/10/present-5.png
https://rivka.me/wp-content/uploads/2024/11/image-1.png	2024/11/image-1.png
https://rivka.me/wp-content/uploads/2024/11/image-3.png	2024/11/image-3.png
https://rivka.me/wp-content/uploads/2024/11/image-4.png	2024/11/image-4.png
https://rivka.me/wp-content/uploads/2024/11/image.png	2024/11/image.png
https://rivka.me/wp-content/uploads/2024/11/me-4.png	2024/11/me-4.png
https://rivka.me/wp-content/uploads/2024/11/me2-3.png	2024/11/me2-3.png
https://rivka.me/wp-content/uploads/2024/11/mep.png	2024/11/mep.png
https://rivka.me/wp-content/uploads/2024/11/mf-4.png	2024/11/mf-4.png
https://rivka.me/wp-content/uploads/2024/11/mf2-3.png	2024/11/mf2-3.png
https://rivka.me/wp-content/uploads/2024/11/mfp.png	2024/11/mfp.png
https://rivka.me/wp-content/uploads/2024/11/ms-4.png	2024/11/ms-4.png
https://rivka.me/wp-content/uploads/2024/11/ms2-3.png	2024/11/ms2-3.png
https://rivka.me/wp-content/uploads/2024/11/msp.png	2024/11/msp.png
https://rivka.me/wp-content/uploads/2024/11/thumbnaileffect.png	2024/11/thumbnaileffect.png
https://rivka.me/wp-content/uploads/2024/11/we-3.png	2024/11/we-3.png
https://rivka.me/wp-content/uploads/2024/11/we2-3.png	2024/11/we2-3.png
https://rivka.me/wp-content/uploads/2024/11/wep.png	2024/11/wep.png
https://rivka.me/wp-content/uploads/2024/11/wf-4.png	2024/11/wf-4.png
https://rivka.me/wp-content/uploads/2024/11/wf2-3.png	2024/11/wf2-3.png
https://rivka.me/wp-content/uploads/2024/11/wfp.png	2024/11/wfp.png
https://rivka.me/wp-content/uploads/2024/11/ws-5.png	2024/11/ws-5.png
https://rivka.me/wp-content/uploads/2024/11/ws2-3.png	2024/11/ws2-3.png
https://rivka.me/wp-content/uploads/2024/11/wsp.png	2024/11/wsp.png
https://rivka.me/wp-content/uploads/2025/03/IMG_0789-1-scaled.jpeg	2025/03/IMG_0789-1-scaled.jpeg
https://rivka.me/wp-content/uploads/2025/03/IMG_0789-1.jpeg	2025/03/IMG_0789-1.jpeg
https://rivka.me/wp-content/uploads/2025/03/IMG_2104_Original-scaled.jpeg	2025/03/IMG_2104_Original-scaled.jpeg
https://rivka.me/wp-content/uploads/2025/03/IMG_2104_Original.jpeg	2025/03/IMG_2104_Original.jpeg
https://rivka.me/wp-content/uploads/2025/03/IMG_2108_Original-scaled.jpeg	2025/03/IMG_2108_Original-scaled.jpeg
https://rivka.me/wp-content/uploads/2025/03/IMG_2108_Original.jpeg	2025/03/IMG_2108_Original.jpeg
https://rivka.me/wp-content/uploads/2025/03/IMG_2109-scaled.jpeg	2025/03/IMG_2109-scaled.jpeg
https://rivka.me/wp-content/uploads/2025/03/IMG_2109.jpeg	2025/03/IMG_2109.jpeg
https://rivka.me/wp-content/uploads/2025/03/IMG_2110-scaled.jpeg	2025/03/IMG_2110-scaled.jpeg
https://rivka.me/wp-content/uploads/2025/03/IMG_2112-1-scaled.jpeg	2025/03/IMG_2112-1-scaled.jpeg
https://rivka.me/wp-content/uploads/2025/03/IMG_2112-1.jpeg	2025/03/IMG_2112-1.jpeg
https://rivka.me/wp-content/uploads/2025/03/IMG_2114-scaled.jpeg	2025/03/IMG_2114-scaled.jpeg
https://rivka.me/wp-content/uploads/2025/03/IMG_2115-scaled.jpeg	2025/03/IMG_2115-scaled.jpeg
https://rivka.me/wp-content/uploads/2025/03/IMG_2116-scaled.jpeg	2025/03/IMG_2116-scaled.jpeg
https://rivka.me/wp-content/uploads/2025/03/IMG_2118-scaled.jpeg	2025/03/IMG_2118-scaled.jpeg
https://rivka.me/wp-content/uploads/2025/03/IMG_2118.jpeg	2025/03/IMG_2118.jpeg
https://rivka.me/wp-content/uploads/2025/03/IMG_2121-scaled.jpeg	2025/03/IMG_2121-scaled.jpeg
https://rivka.me/wp-content/uploads/2025/03/IMG_2121.jpeg	2025/03/IMG_2121.jpeg
https://rivka.me/wp-content/uploads/2025/03/IMG_2125-scaled.jpeg	2025/03/IMG_2125-scaled.jpeg
https://rivka.me/wp-content/uploads/2025/03/IMG_2125.jpeg	2025/03/IMG_2125.jpeg
https://rivka.me/wp-content/uploads/2025/03/IMG_2135-scaled.jpeg	2025/03/IMG_2135-scaled.jpeg
https://rivka.me/wp-content/uploads/2025/03/IMG_2135.jpeg	2025/03/IMG_2135.jpeg
https://rivka.me/wp-content/uploads/2025/03/IMG_2136-scaled.jpeg	2025/03/IMG_2136-scaled.jpeg
https://rivka.me/wp-content/uploads/2025/03/IMG_2136.jpeg	2025/03/IMG_2136.jpeg
https://rivka.me/wp-content/uploads/2025/03/IMG_2140-scaled.jpeg	2025/03/IMG_2140-scaled.jpeg
https://rivka.me/wp-content/uploads/2025/03/IMG_2140.jpeg	2025/03/IMG_2140.jpeg
https://rivka.me/wp-content/uploads/2025/03/IMG_2163-scaled.jpeg	2025/03/IMG_2163-scaled.jpeg
https://rivka.me/wp-content/uploads/2025/03/IMG_2163.jpeg	2025/03/IMG_2163.jpeg
https://rivka.me/wp-content/uploads/2025/03/IMG_2164-scaled.jpeg	2025/03/IMG_2164-scaled.jpeg
https://rivka.me/wp-content/uploads/2025/03/IMG_2164.jpeg	2025/03/IMG_2164.jpeg
https://rivka.me/wp-content/uploads/2025/03/IMG_2166-scaled.jpeg	2025/03/IMG_2166-scaled.jpeg
https://rivka.me/wp-content/uploads/2025/03/IMG_2166.jpeg	2025/03/IMG_2166.jpeg
https://rivka.me/wp-content/uploads/2025/03/IMG_2167-scaled.jpeg	2025/03/IMG_2167-scaled.jpeg
https://rivka.me/wp-content/uploads/2025/03/IMG_2167.jpeg	2025/03/IMG_2167.jpeg
https://rivka.me/wp-content/uploads/2025/03/IMG_2169-scaled.jpeg	2025/03/IMG_2169-scaled.jpeg
https://rivka.me/wp-content/uploads/2025/03/IMG_2169.jpeg	2025/03/IMG_2169.jpeg
https://rivka.me/wp-content/uploads/2025/03/IMG_2171-scaled.jpeg	2025/03/IMG_2171-scaled.jpeg
https://rivka.me/wp-content/uploads/2025/03/IMG_2171.jpeg	2025/03/IMG_2171.jpeg
https://rivka.me/wp-content/uploads/2025/03/IMG_2173-scaled.jpeg	2025/03/IMG_2173-scaled.jpeg
https://rivka.me/wp-content/uploads/2025/03/IMG_2173.jpeg	2025/03/IMG_2173.jpeg
https://rivka.me/wp-content/uploads/2025/03/IMG_2175-scaled.jpeg	2025/03/IMG_2175-scaled.jpeg
https://rivka.me/wp-content/uploads/2025/03/IMG_2175.jpeg	2025/03/IMG_2175.jpeg
https://rivka.me/wp-content/uploads/2025/03/IMG_2177-scaled.jpeg	2025/03/IMG_2177-scaled.jpeg
https://rivka.me/wp-content/uploads/2025/03/IMG_2177.jpeg	2025/03/IMG_2177.jpeg
https://rivka.me/wp-content/uploads/2025/03/IMG_2182-scaled.jpeg	2025/03/IMG_2182-scaled.jpeg
https://rivka.me/wp-content/uploads/2025/03/IMG_2182.jpeg	2025/03/IMG_2182.jpeg
https://rivka.me/wp-content/uploads/2025/03/IMG_2188-scaled.jpeg	2025/03/IMG_2188-scaled.jpeg
https://rivka.me/wp-content/uploads/2025/03/IMG_2188.jpeg	2025/03/IMG_2188.jpeg
https://rivka.me/wp-content/uploads/2025/03/IMG_2189-scaled.jpeg	2025/03/IMG_2189-scaled.jpeg
https://rivka.me/wp-content/uploads/2025/03/IMG_2189.jpeg	2025/03/IMG_2189.jpeg
https://rivka.me/wp-content/uploads/2025/03/IMG_2191-edited-scaled.jpeg	2025/03/IMG_2191-edited-scaled.jpeg
https://rivka.me/wp-content/uploads/2025/03/IMG_2198-scaled.jpeg	2025/03/IMG_2198-scaled.jpeg
https://rivka.me/wp-content/uploads/2025/03/IMG_2198.jpeg	2025/03/IMG_2198.jpeg
https://rivka.me/wp-content/uploads/2025/03/IMG_2200-scaled.jpeg	2025/03/IMG_2200-scaled.jpeg
https://rivka.me/wp-content/uploads/2025/03/IMG_2200.jpeg	2025/03/IMG_2200.jpeg
https://rivka.me/wp-content/uploads/2025/03/IMG_2203-scaled.jpeg	2025/03/IMG_2203-scaled.jpeg
https://rivka.me/wp-content/uploads/2025/03/IMG_2203.jpeg	2025/03/IMG_2203.jpeg
https://rivka.me/wp-content/uploads/2025/03/IMG_2215-scaled.jpeg	2025/03/IMG_2215-scaled.jpeg
https://rivka.me/wp-content/uploads/2025/03/IMG_2215.jpeg	2025/03/IMG_2215.jpeg
https://rivka.me/wp-content/uploads/2025/03/IMG_2220-scaled.jpeg	2025/03/IMG_2220-scaled.jpeg
https://rivka.me/wp-content/uploads/2025/03/IMG_2220.jpeg	2025/03/IMG_2220.jpeg
https://rivka.me/wp-content/uploads/2025/03/IMG_2221-scaled.jpeg	2025/03/IMG_2221-scaled.jpeg
https://rivka.me/wp-content/uploads/2025/03/IMG_2221.jpeg	2025/03/IMG_2221.jpeg
https://rivka.me/wp-content/uploads/2025/03/IMG_2222-scaled.jpeg	2025/03/IMG_2222-scaled.jpeg
https://rivka.me/wp-content/uploads/2025/03/IMG_2222.jpeg	2025/03/IMG_2222.jpeg
https://rivka.me/wp-content/uploads/2025/03/IMG_2223-scaled.jpeg	2025/03/IMG_2223-scaled.jpeg
https://rivka.me/wp-content/uploads/2025/03/IMG_2223.jpeg	2025/03/IMG_2223.jpeg
https://rivka.me/wp-content/uploads/2025/03/IMG_2229-scaled.jpeg	2025/03/IMG_2229-scaled.jpeg
https://rivka.me/wp-content/uploads/2025/03/IMG_2229.jpeg	2025/03/IMG_2229.jpeg
https://rivka.me/wp-content/uploads/2025/03/IMG_2234-scaled.jpeg	2025/03/IMG_2234-scaled.jpeg
https://rivka.me/wp-content/uploads/2025/03/IMG_2234.jpeg	2025/03/IMG_2234.jpeg
https://rivka.me/wp-content/uploads/2025/03/IMG_2238-scaled.jpeg	2025/03/IMG_2238-scaled.jpeg
https://rivka.me/wp-content/uploads/2025/03/IMG_2238.jpeg	2025/03/IMG_2238.jpeg
https://rivka.me/wp-content/uploads/2025/03/IMG_2247-scaled.jpeg	2025/03/IMG_2247-scaled.jpeg
https://rivka.me/wp-content/uploads/2025/03/IMG_2247.jpeg	2025/03/IMG_2247.jpeg
https://rivka.me/wp-content/uploads/2025/03/IMG_2251-scaled.jpeg	2025/03/IMG_2251-scaled.jpeg
https://rivka.me/wp-content/uploads/2025/03/IMG_2251.jpeg	2025/03/IMG_2251.jpeg
https://rivka.me/wp-content/uploads/2025/03/IMG_2273-scaled.jpeg	2025/03/IMG_2273-scaled.jpeg
https://rivka.me/wp-content/uploads/2025/03/IMG_2273.jpeg	2025/03/IMG_2273.jpeg
https://rivka.me/wp-content/uploads/2025/03/IMG_2276-scaled.jpeg	2025/03/IMG_2276-scaled.jpeg
https://rivka.me/wp-content/uploads/2025/03/IMG_2276.jpeg	2025/03/IMG_2276.jpeg
https://rivka.me/wp-content/uploads/2025/03/IMG_2280-scaled.jpeg	2025/03/IMG_2280-scaled.jpeg
https://rivka.me/wp-content/uploads/2025/03/IMG_2280.jpeg	2025/03/IMG_2280.jpeg
https://rivka.me/wp-content/uploads/2025/03/IMG_2283-scaled.jpeg	2025/03/IMG_2283-scaled.jpeg
https://rivka.me/wp-content/uploads/2025/03/IMG_2283.jpeg	2025/03/IMG_2283.jpeg
https://rivka.me/wp-content/uploads/2025/03/IMG_2297-scaled.jpg	2025/03/IMG_2297-scaled.jpg
https://rivka.me/wp-content/uploads/2025/03/IMG_2297.jpg	2025/03/IMG_2297.jpg
https://rivka.me/wp-content/uploads/2025/03/IMG_2298-1-scaled.jpg	2025/03/IMG_2298-1-scaled.jpg
https://rivka.me/wp-content/uploads/2025/03/IMG_2298-1.jpg	2025/03/IMG_2298-1.jpg
https://rivka.me/wp-content/uploads/2025/03/IMG_2298-scaled.jpg	2025/03/IMG_2298-scaled.jpg
https://rivka.me/wp-content/uploads/2025/03/IMG_2304-scaled.jpg	2025/03/IMG_2304-scaled.jpg
https://rivka.me/wp-content/uploads/2025/03/IMG_2304.jpg	2025/03/IMG_2304.jpg
https://rivka.me/wp-content/uploads/2025/04/output-2.png	2025/04/output-2.png
https://rivka.me/wp-content/uploads/2025/04/output-3.png	2025/04/output-3.png
https://rivka.me/wp-content/uploads/2025/04/output-3aprilfool.png	2025/04/output-3aprilfool.png
https://rivka.me/wp-content/uploads/2025/04/output-6.png	2025/04/output-6.png
https://rivka.me/wp-content/uploads/2025/04/output-7.png	2025/04/output-7.png
https://rivka.me/wp-content/uploads/2025/04/output.png	2025/04/output.png
https://rivka.me/wp-content/uploads/2025/06/20250306_-Lipkovitz_Rivka_CasualPortraits_0005_KR-scaled.jpg	2025/06/20250306_-Lipkovitz_Rivka_CasualPortraits_0005_KR-scaled.jpg
https://rivka.me/wp-content/uploads/2025/06/20250306_-Lipkovitz_Rivka_CasualPortraits_0005_KR.jpg	2025/06/20250306_-Lipkovitz_Rivka_CasualPortraits_0005_KR.jpg
https://rivka.me/wp-content/uploads/2025/08/latin-293907_1920.jpg	2025/08/latin-293907_1920.jpg
https://rivka.me/wp-content/uploads/2025/09/image-1.png	2025/09/image-1.png
https://rivka.me/wp-content/uploads/2025/09/image-2.png	2025/09/image-2.png
https://rivka.me/wp-content/uploads/2025/12/adoption-scaled.png	2025/12/adoption-scaled.png
https://rivka.me/wp-content/uploads/2025/12/adoption.png	2025/12/adoption.png
https://rivka.me/wp-content/uploads/2025/12/comparison.png	2025/12/comparison.png
https://rivka.me/wp-content/uploads/2025/12/counterfactual-1-scaled.jpg	2025/12/counterfactual-1-scaled.jpg
https://rivka.me/wp-content/uploads/2025/12/counterfactual-1.jpg	2025/12/counterfactual-1.jpg
https://rivka.me/wp-content/uploads/2025/12/early_late-scaled.png	2025/12/early_late-scaled.png
https://rivka.me/wp-content/uploads/2025/12/early_late.png	2025/12/early_late.png
https://rivka.me/wp-content/uploads/2025/12/status-1-scaled.jpg	2025/12/status-1-scaled.jpg
https://rivka.me/wp-content/uploads/2025/12/status-1.jpg	2025/12/status-1.jpg
https://rivka.me/wp-content/uploads/2026/01/fencing_infographic.png	2026/01/fencing_infographic.png
